"0","library(stringr)"
"0","str_c(letters, "" is for"", ""..."")"
"1"," [1]"
"1"," ""a is for..."""
"1"," ""b is for..."""
"1"," ""c is for..."""
"1"," ""d is for..."""
"1"," ""e is for..."""
"1","
"
"1"," [6]"
"1"," ""f is for..."""
"1"," ""g is for..."""
"1"," ""h is for..."""
"1"," ""i is for..."""
"1"," ""j is for..."""
"1","
"
"1","[11]"
"1"," ""k is for..."""
"1"," ""l is for..."""
"1"," ""m is for..."""
"1"," ""n is for..."""
"1"," ""o is for..."""
"1","
"
"1","[16]"
"1"," ""p is for..."""
"1"," ""q is for..."""
"1"," ""r is for..."""
"1"," ""s is for..."""
"1"," ""t is for..."""
"1","
"
"1","[21]"
"1"," ""u is for..."""
"1"," ""v is for..."""
"1"," ""w is for..."""
"1"," ""x is for..."""
"1"," ""y is for..."""
"1","
"
"1","[26]"
"1"," ""z is for..."""
"1","
"
