"0","str_split_fixed(filmVotingData$請選擇你最喜歡的影片二部,"","",3)"
"1","      "
"1"," [,1]                                                              "
"1","
  [1,]"
"1"," ""別再轉台！了解電視市場問題就從經濟學開始""                        "
"1","
  [2,]"
"1"," ""Blockchain區塊鏈 by 公院研討203""                                 "
"1","
  [3,]"
"1"," ""Financial Crisis by 我要拿獎金""                                  "
"1","
  [4,]"
"1"," ""Financial Crisis by 我要拿獎金""                                  "
"1","
  [5,]"
"1"," ""別再轉台！了解電視市場問題就從經濟學開始""                        "
"1","
  [6,]"
"1"," ""What we learn from claw machine by 醉後的最後cheers""             "
"1","
  [7,]"
"1"," ""Financial Crisis by 我要拿獎金""                                  "
"1","
  [8,]"
"1"," ""Artificial intelligence - Medical field 人工智慧與醫療 by 智智隊"""
"1","
  [9,]"
"1"," ""What we learn from claw machine by 醉後的最後cheers""             "
"1","
 [10,]"
"1"," ""Financial Crisis by 我要拿獎金""                                  "
"1","
 [11,]"
"1"," ""What we learn from claw machine by 醉後的最後cheers""             "
"1","
 [12,]"
"1"," ""縮表經濟學 by 蜻蜓隊""                                            "
"1","
 [13,]"
"1"," ""Financial Crisis by 我要拿獎金""                                  "
"1","
 [14,]"
"1"," ""What we learn from claw machine by 醉後的最後cheers""             "
"1","
 [15,]"
"1"," ""What we learn from claw machine by 醉後的最後cheers""             "
"1","
 [16,]"
"1"," ""縮表666！? by 屁桃搞笑藝人""                                      "
"1","
 [17,]"
"1"," ""縮表666！? by 屁桃搞笑藝人""                                      "
"1","
 [18,]"
"1"," ""Blockchain區塊鏈 by 公院研討203""                                 "
"1","
 [19,]"
"1"," ""Artificial intelligence - Medical field 人工智慧與醫療 by 智智隊"""
"1","
 [20,]"
"1"," ""Artificial intelligence - Medical field 人工智慧與醫療 by 智智隊"""
"1","
 [21,]"
"1"," ""What we learn from claw machine by 醉後的最後cheers""             "
"1","
 [22,]"
"1"," ""Artificial intelligence - Medical field 人工智慧與醫療 by 智智隊"""
"1","
 [23,]"
"1"," ""Artificial intelligence - Medical field 人工智慧與醫療 by 智智隊"""
"1","
 [24,]"
"1"," ""Artificial intelligence - Medical field 人工智慧與醫療 by 智智隊"""
"1","
 [25,]"
"1"," ""Blockchain區塊鏈 by 公院研討203""                                 "
"1","
 [26,]"
"1"," ""Blockchain區塊鏈 by 公院研討203""                                 "
"1","
 [27,]"
"1"," ""別再轉台！了解電視市場問題就從經濟學開始""                        "
"1","
 [28,]"
"1"," ""縮表666！? by 屁桃搞笑藝人""                                      "
"1","
 [29,]"
"1"," ""Artificial intelligence - Medical field 人工智慧與醫療 by 智智隊"""
"1","
 [30,]"
"1"," ""What we learn from claw machine by 醉後的最後cheers""             "
"1","
 [31,]"
"1"," ""What we learn from claw machine by 醉後的最後cheers""             "
"1","
 [32,]"
"1"," ""Artificial intelligence - Medical field 人工智慧與醫療 by 智智隊"""
"1","
 [33,]"
"1"," ""What we learn from claw machine by 醉後的最後cheers""             "
"1","
 [34,]"
"1"," ""What we learn from claw machine by 醉後的最後cheers""             "
"1","
 [35,]"
"1"," ""Financial Crisis by 我要拿獎金""                                  "
"1","
 [36,]"
"1"," ""What we learn from claw machine by 醉後的最後cheers""             "
"1","
 [37,]"
"1"," ""Financial Crisis by 我要拿獎金""                                  "
"1","
 [38,]"
"1"," ""What we learn from claw machine by 醉後的最後cheers""             "
"1","
 [39,]"
"1"," ""What we learn from claw machine by 醉後的最後cheers""             "
"1","
 [40,]"
"1"," ""別再轉台！了解電視市場問題就從經濟學開始""                        "
"1","
 [41,]"
"1"," ""Blockchain區塊鏈 by 公院研討203""                                 "
"1","
 [42,]"
"1"," ""Blockchain區塊鏈 by 公院研討203""                                 "
"1","
 [43,]"
"1"," ""Financial Crisis by 我要拿獎金""                                  "
"1","
 [44,]"
"1"," ""電子支付 by 全球暖樺""                                            "
"1","
 [45,]"
"1"," ""Artificial intelligence - Medical field 人工智慧與醫療 by 智智隊"""
"1","
 [46,]"
"1"," ""Artificial intelligence - Medical field 人工智慧與醫療 by 智智隊"""
"1","
 [47,]"
"1"," ""Artificial intelligence - Medical field 人工智慧與醫療 by 智智隊"""
"1","
 [48,]"
"1"," ""Artificial intelligence - Medical field 人工智慧與醫療 by 智智隊"""
"1","
 [49,]"
"1"," ""電子支付 by 全球暖樺""                                            "
"1","
 [50,]"
"1"," ""Blockchain區塊鏈 by 公院研討203""                                 "
"1","
 [51,]"
"1"," ""What we learn from claw machine by 醉後的最後cheers""             "
"1","
 [52,]"
"1"," ""Financial Crisis by 我要拿獎金""                                  "
"1","
 [53,]"
"1"," ""電子支付 by 全球暖樺""                                            "
"1","
 [54,]"
"1"," ""What we learn from claw machine by 醉後的最後cheers""             "
"1","
 [55,]"
"1"," ""Financial Crisis by 我要拿獎金""                                  "
"1","
 [56,]"
"1"," ""電子支付 by 全球暖樺""                                            "
"1","
 [57,]"
"1"," ""Financial Crisis by 我要拿獎金""                                  "
"1","
 [58,]"
"1"," ""電子支付 by 全球暖樺""                                            "
"1","
 [59,]"
"1"," ""Financial Crisis by 我要拿獎金""                                  "
"1","
 [60,]"
"1"," ""別再轉台！了解電視市場問題就從經濟學開始""                        "
"1","
 [61,]"
"1"," ""電子支付 by 全球暖樺""                                            "
"1","
 [62,]"
"1"," ""What we learn from claw machine by 醉後的最後cheers""             "
"1","
 [63,]"
"1"," ""別再轉台！了解電視市場問題就從經濟學開始""                        "
"1","
 [64,]"
"1"," ""縮表經濟學 by 蜻蜓隊""                                            "
"1","
 [65,]"
"1"," ""縮表666！? by 屁桃搞笑藝人""                                      "
"1","
 [66,]"
"1"," ""What we learn from claw machine by 醉後的最後cheers""             "
"1","
 [67,]"
"1"," ""What we learn from claw machine by 醉後的最後cheers""             "
"1","
 [68,]"
"1"," ""Blockchain區塊鏈 by 公院研討203""                                 "
"1","
 [69,]"
"1"," ""What we learn from claw machine by 醉後的最後cheers""             "
"1","
 [70,]"
"1"," ""What we learn from claw machine by 醉後的最後cheers""             "
"1","
 [71,]"
"1"," ""What we learn from claw machine by 醉後的最後cheers""             "
"1","
 [72,]"
"1"," ""電子支付 by 全球暖樺""                                            "
"1","
 [73,]"
"1"," ""Financial Crisis by 我要拿獎金""                                  "
"1","
 [74,]"
"1"," ""縮表經濟學 by 蜻蜓隊""                                            "
"1","
 [75,]"
"1"," ""別再轉台！了解電視市場問題就從經濟學開始""                        "
"1","
 [76,]"
"1"," ""電子支付 by 全球暖樺""                                            "
"1","
 [77,]"
"1"," ""What we learn from claw machine by 醉後的最後cheers""             "
"1","
 [78,]"
"1"," ""Blockchain區塊鏈 by 公院研討203""                                 "
"1","
 [79,]"
"1"," ""What we learn from claw machine by 醉後的最後cheers""             "
"1","
 [80,]"
"1"," ""What we learn from claw machine by 醉後的最後cheers""             "
"1","
 [81,]"
"1"," ""Blockchain區塊鏈 by 公院研討203""                                 "
"1","
 [82,]"
"1"," ""縮表666！? by 屁桃搞笑藝人""                                      "
"1","
 [83,]"
"1"," ""Financial Crisis by 我要拿獎金""                                  "
"1","
 [84,]"
"1"," ""Artificial intelligence - Medical field 人工智慧與醫療 by 智智隊"""
"1","
 [85,]"
"1"," ""Financial Crisis by 我要拿獎金""                                  "
"1","
 [86,]"
"1"," ""Financial Crisis by 我要拿獎金""                                  "
"1","
 [87,]"
"1"," ""Financial Crisis by 我要拿獎金""                                  "
"1","
 [88,]"
"1"," ""What we learn from claw machine by 醉後的最後cheers""             "
"1","
 [89,]"
"1"," ""電子支付 by 全球暖樺""                                            "
"1","
 [90,]"
"1"," ""Artificial intelligence - Medical field 人工智慧與醫療 by 智智隊"""
"1","
 [91,]"
"1"," ""縮表666！? by 屁桃搞笑藝人""                                      "
"1","
 [92,]"
"1"," ""Financial Crisis by 我要拿獎金""                                  "
"1","
 [93,]"
"1"," ""Artificial intelligence - Medical field 人工智慧與醫療 by 智智隊"""
"1","
 [94,]"
"1"," ""縮表經濟學 by 蜻蜓隊""                                            "
"1","
 [95,]"
"1"," ""縮表經濟學 by 蜻蜓隊""                                            "
"1","
 [96,]"
"1"," ""What we learn from claw machine by 醉後的最後cheers""             "
"1","
 [97,]"
"1"," ""Financial Crisis by 我要拿獎金""                                  "
"1","
 [98,]"
"1"," ""What we learn from claw machine by 醉後的最後cheers""             "
"1","
 [99,]"
"1"," ""Blockchain區塊鏈 by 公院研討203""                                 "
"1","
[100,]"
"1"," ""縮表666！? by 屁桃搞笑藝人""                                      "
"1","
[101,]"
"1"," ""縮表666！? by 屁桃搞笑藝人""                                      "
"1","
[102,]"
"1"," ""縮表經濟學 by 蜻蜓隊""                                            "
"1","
[103,]"
"1"," ""Financial Crisis by 我要拿獎金""                                  "
"1","
[104,]"
"1"," ""縮表666！? by 屁桃搞笑藝人""                                      "
"1","
[105,]"
"1"," ""Artificial intelligence - Medical field 人工智慧與醫療 by 智智隊"""
"1","
[106,]"
"1"," ""縮表經濟學 by 蜻蜓隊""                                            "
"1","
[107,]"
"1"," ""縮表經濟學 by 蜻蜓隊""                                            "
"1","
[108,]"
"1"," ""What we learn from claw machine by 醉後的最後cheers""             "
"1","
[109,]"
"1"," ""Blockchain區塊鏈 by 公院研討203""                                 "
"1","
[110,]"
"1"," ""電子支付 by 全球暖樺""                                            "
"1","
[111,]"
"1"," ""What we learn from claw machine by 醉後的最後cheers""             "
"1","
[112,]"
"1"," ""Blockchain區塊鏈 by 公院研討203""                                 "
"1","
[113,]"
"1"," ""Financial Crisis by 我要拿獎金""                                  "
"1","
[114,]"
"1"," ""Financial Crisis by 我要拿獎金""                                  "
"1","
[115,]"
"1"," ""Financial Crisis by 我要拿獎金""                                  "
"1","
[116,]"
"1"," ""Financial Crisis by 我要拿獎金""                                  "
"1","
[117,]"
"1"," ""Artificial intelligence - Medical field 人工智慧與醫療 by 智智隊"""
"1","
[118,]"
"1"," ""What we learn from claw machine by 醉後的最後cheers""             "
"1","
[119,]"
"1"," ""電子支付 by 全球暖樺""                                            "
"1","
[120,]"
"1"," ""Blockchain區塊鏈 by 公院研討203""                                 "
"1","
[121,]"
"1"," ""Financial Crisis by 我要拿獎金""                                  "
"1","
[122,]"
"1"," ""縮表666！? by 屁桃搞笑藝人""                                      "
"1","
[123,]"
"1"," ""Financial Crisis by 我要拿獎金""                                  "
"1","
[124,]"
"1"," ""電子支付 by 全球暖樺""                                            "
"1","
[125,]"
"1"," ""Financial Crisis by 我要拿獎金""                                  "
"1","
[126,]"
"1"," ""Artificial intelligence - Medical field 人工智慧與醫療 by 智智隊"""
"1","
[127,]"
"1"," ""Financial Crisis by 我要拿獎金""                                  "
"1","
[128,]"
"1"," ""What we learn from claw machine by 醉後的最後cheers""             "
"1","
[129,]"
"1"," ""What we learn from claw machine by 醉後的最後cheers""             "
"1","
[130,]"
"1"," ""Financial Crisis by 我要拿獎金""                                  "
"1","
[131,]"
"1"," ""Financial Crisis by 我要拿獎金""                                  "
"1","
[132,]"
"1"," ""Blockchain區塊鏈 by 公院研討203""                                 "
"1","
[133,]"
"1"," ""電子支付 by 全球暖樺""                                            "
"1","
[134,]"
"1"," ""別再轉台！了解電視市場問題就從經濟學開始""                        "
"1","
[135,]"
"1"," ""What we learn from claw machine by 醉後的最後cheers""             "
"1","
[136,]"
"1"," ""電子支付 by 全球暖樺""                                            "
"1","
[137,]"
"1"," ""Financial Crisis by 我要拿獎金""                                  "
"1","
[138,]"
"1"," ""Blockchain區塊鏈 by 公院研討203""                                 "
"1","
[139,]"
"1"," ""電子支付 by 全球暖樺""                                            "
"1","
[140,]"
"1"," ""Financial Crisis by 我要拿獎金""                                  "
"1","
[141,]"
"1"," ""縮表666！? by 屁桃搞笑藝人""                                      "
"1","
[142,]"
"1"," ""Blockchain區塊鏈 by 公院研討203""                                 "
"1","
[143,]"
"1"," ""Blockchain區塊鏈 by 公院研討203""                                 "
"1","
[144,]"
"1"," ""Blockchain區塊鏈 by 公院研討203""                                 "
"1","
[145,]"
"1"," ""Artificial intelligence - Medical field 人工智慧與醫療 by 智智隊"""
"1","
[146,]"
"1"," ""Financial Crisis by 我要拿獎金""                                  "
"1","
[147,]"
"1"," ""Artificial intelligence - Medical field 人工智慧與醫療 by 智智隊"""
"1","
[148,]"
"1"," ""電子支付 by 全球暖樺""                                            "
"1","
[149,]"
"1"," ""Blockchain區塊鏈 by 公院研討203""                                 "
"1","
[150,]"
"1"," ""Financial Crisis by 我要拿獎金""                                  "
"1","
[151,]"
"1"," ""Blockchain區塊鏈 by 公院研討203""                                 "
"1","
[152,]"
"1"," ""別再轉台！了解電視市場問題就從經濟學開始""                        "
"1","
[153,]"
"1"," ""縮表666！? by 屁桃搞笑藝人""                                      "
"1","
[154,]"
"1"," ""What we learn from claw machine by 醉後的最後cheers""             "
"1","
[155,]"
"1"," ""Artificial intelligence - Medical field 人工智慧與醫療 by 智智隊"""
"1","
[156,]"
"1"," ""縮表經濟學 by 蜻蜓隊""                                            "
"1","
"
"1","      "
"1"," [,2]                                                               "
"1","
  [1,]"
"1"," "" by Amor""                                                         "
"1","
  [2,]"
"1"," "" 縮表666！? by 屁桃搞笑藝人""                                      "
"1","
  [3,]"
"1"," "" 別再轉台！了解電視市場問題就從經濟學開始""                        "
"1","
  [4,]"
"1"," "" What we learn from claw machine by 醉後的最後cheers""             "
"1","
  [5,]"
"1"," "" by Amor""                                                         "
"1","
  [6,]"
"1"," """"                                                                 "
"1","
  [7,]"
"1"," """"                                                                 "
"1","
  [8,]"
"1"," "" 縮表經濟學 by 蜻蜓隊""                                            "
"1","
  [9,]"
"1"," """"                                                                 "
"1","
 [10,]"
"1"," "" 電子支付 by 全球暖樺""                                            "
"1","
 [11,]"
"1"," """"                                                                 "
"1","
 [12,]"
"1"," "" 電子支付 by 全球暖樺""                                            "
"1","
 [13,]"
"1"," "" 別再轉台！了解電視市場問題就從經濟學開始""                        "
"1","
 [14,]"
"1"," "" 縮表666！? by 屁桃搞笑藝人""                                      "
"1","
 [15,]"
"1"," "" 別再轉台！了解電視市場問題就從經濟學開始""                        "
"1","
 [16,]"
"1"," """"                                                                 "
"1","
 [17,]"
"1"," """"                                                                 "
"1","
 [18,]"
"1"," "" 縮表666！? by 屁桃搞笑藝人""                                      "
"1","
 [19,]"
"1"," """"                                                                 "
"1","
 [20,]"
"1"," """"                                                                 "
"1","
 [21,]"
"1"," "" 別再轉台！了解電視市場問題就從經濟學開始""                        "
"1","
 [22,]"
"1"," """"                                                                 "
"1","
 [23,]"
"1"," """"                                                                 "
"1","
 [24,]"
"1"," """"                                                                 "
"1","
 [25,]"
"1"," "" 縮表經濟學 by 蜻蜓隊""                                            "
"1","
 [26,]"
"1"," "" 別再轉台！了解電視市場問題就從經濟學開始""                        "
"1","
 [27,]"
"1"," "" by Amor""                                                         "
"1","
 [28,]"
"1"," """"                                                                 "
"1","
 [29,]"
"1"," """"                                                                 "
"1","
 [30,]"
"1"," "" 縮表666！? by 屁桃搞笑藝人""                                      "
"1","
 [31,]"
"1"," "" 縮表666！? by 屁桃搞笑藝人""                                      "
"1","
 [32,]"
"1"," "" 縮表666！? by 屁桃搞笑藝人""                                      "
"1","
 [33,]"
"1"," "" 縮表經濟學 by 蜻蜓隊""                                            "
"1","
 [34,]"
"1"," "" 縮表經濟學 by 蜻蜓隊""                                            "
"1","
 [35,]"
"1"," "" What we learn from claw machine by 醉後的最後cheers""             "
"1","
 [36,]"
"1"," "" 電子支付 by 全球暖樺""                                            "
"1","
 [37,]"
"1"," "" What we learn from claw machine by 醉後的最後cheers""             "
"1","
 [38,]"
"1"," "" 縮表666！? by 屁桃搞笑藝人""                                      "
"1","
 [39,]"
"1"," "" 縮表經濟學 by 蜻蜓隊""                                            "
"1","
 [40,]"
"1"," "" by Amor""                                                         "
"1","
 [41,]"
"1"," "" 電子支付 by 全球暖樺""                                            "
"1","
 [42,]"
"1"," "" What we learn from claw machine by 醉後的最後cheers""             "
"1","
 [43,]"
"1"," "" 電子支付 by 全球暖樺""                                            "
"1","
 [44,]"
"1"," """"                                                                 "
"1","
 [45,]"
"1"," "" What we learn from claw machine by 醉後的最後cheers""             "
"1","
 [46,]"
"1"," "" 電子支付 by 全球暖樺""                                            "
"1","
 [47,]"
"1"," "" 電子支付 by 全球暖樺""                                            "
"1","
 [48,]"
"1"," "" 電子支付 by 全球暖樺""                                            "
"1","
 [49,]"
"1"," """"                                                                 "
"1","
 [50,]"
"1"," "" Artificial intelligence - Medical field 人工智慧與醫療 by 智智隊"""
"1","
 [51,]"
"1"," "" 縮表經濟學 by 蜻蜓隊""                                            "
"1","
 [52,]"
"1"," """"                                                                 "
"1","
 [53,]"
"1"," """"                                                                 "
"1","
 [54,]"
"1"," "" 縮表666！? by 屁桃搞笑藝人""                                      "
"1","
 [55,]"
"1"," "" Blockchain區塊鏈 by 公院研討203""                                 "
"1","
 [56,]"
"1"," """"                                                                 "
"1","
 [57,]"
"1"," "" 電子支付 by 全球暖樺""                                            "
"1","
 [58,]"
"1"," """"                                                                 "
"1","
 [59,]"
"1"," "" 別再轉台！了解電視市場問題就從經濟學開始""                        "
"1","
 [60,]"
"1"," "" by Amor""                                                         "
"1","
 [61,]"
"1"," """"                                                                 "
"1","
 [62,]"
"1"," """"                                                                 "
"1","
 [63,]"
"1"," "" by Amor""                                                         "
"1","
 [64,]"
"1"," "" 電子支付 by 全球暖樺""                                            "
"1","
 [65,]"
"1"," """"                                                                 "
"1","
 [66,]"
"1"," "" 電子支付 by 全球暖樺""                                            "
"1","
 [67,]"
"1"," """"                                                                 "
"1","
 [68,]"
"1"," "" 別再轉台！了解電視市場問題就從經濟學開始""                        "
"1","
 [69,]"
"1"," "" 縮表經濟學 by 蜻蜓隊""                                            "
"1","
 [70,]"
"1"," """"                                                                 "
"1","
 [71,]"
"1"," "" 電子支付 by 全球暖樺""                                            "
"1","
 [72,]"
"1"," """"                                                                 "
"1","
 [73,]"
"1"," "" What we learn from claw machine by 醉後的最後cheers""             "
"1","
 [74,]"
"1"," """"                                                                 "
"1","
 [75,]"
"1"," "" by Amor""                                                         "
"1","
 [76,]"
"1"," """"                                                                 "
"1","
 [77,]"
"1"," """"                                                                 "
"1","
 [78,]"
"1"," "" What we learn from claw machine by 醉後的最後cheers""             "
"1","
 [79,]"
"1"," """"                                                                 "
"1","
 [80,]"
"1"," """"                                                                 "
"1","
 [81,]"
"1"," "" What we learn from claw machine by 醉後的最後cheers""             "
"1","
 [82,]"
"1"," """"                                                                 "
"1","
 [83,]"
"1"," "" 電子支付 by 全球暖樺""                                            "
"1","
 [84,]"
"1"," "" 縮表經濟學 by 蜻蜓隊""                                            "
"1","
 [85,]"
"1"," """"                                                                 "
"1","
 [86,]"
"1"," "" Blockchain區塊鏈 by 公院研討203""                                 "
"1","
 [87,]"
"1"," "" 電子支付 by 全球暖樺""                                            "
"1","
 [88,]"
"1"," "" 電子支付 by 全球暖樺""                                            "
"1","
 [89,]"
"1"," """"                                                                 "
"1","
 [90,]"
"1"," "" What we learn from claw machine by 醉後的最後cheers""             "
"1","
 [91,]"
"1"," "" 縮表經濟學 by 蜻蜓隊""                                            "
"1","
 [92,]"
"1"," "" 電子支付 by 全球暖樺""                                            "
"1","
 [93,]"
"1"," "" What we learn from claw machine by 醉後的最後cheers""             "
"1","
 [94,]"
"1"," "" 電子支付 by 全球暖樺""                                            "
"1","
 [95,]"
"1"," "" 電子支付 by 全球暖樺""                                            "
"1","
 [96,]"
"1"," """"                                                                 "
"1","
 [97,]"
"1"," """"                                                                 "
"1","
 [98,]"
"1"," """"                                                                 "
"1","
 [99,]"
"1"," "" What we learn from claw machine by 醉後的最後cheers""             "
"1","
[100,]"
"1"," "" 電子支付 by 全球暖樺""                                            "
"1","
[101,]"
"1"," "" 縮表經濟學 by 蜻蜓隊""                                            "
"1","
[102,]"
"1"," """"                                                                 "
"1","
[103,]"
"1"," "" Artificial intelligence - Medical field 人工智慧與醫療 by 智智隊"""
"1","
[104,]"
"1"," "" 電子支付 by 全球暖樺""                                            "
"1","
[105,]"
"1"," "" 電子支付 by 全球暖樺""                                            "
"1","
[106,]"
"1"," "" 電子支付 by 全球暖樺""                                            "
"1","
[107,]"
"1"," """"                                                                 "
"1","
[108,]"
"1"," "" 電子支付 by 全球暖樺""                                            "
"1","
[109,]"
"1"," "" What we learn from claw machine by 醉後的最後cheers""             "
"1","
[110,]"
"1"," """"                                                                 "
"1","
[111,]"
"1"," """"                                                                 "
"1","
[112,]"
"1"," """"                                                                 "
"1","
[113,]"
"1"," """"                                                                 "
"1","
[114,]"
"1"," "" 電子支付 by 全球暖樺""                                            "
"1","
[115,]"
"1"," "" 電子支付 by 全球暖樺""                                            "
"1","
[116,]"
"1"," "" 電子支付 by 全球暖樺""                                            "
"1","
[117,]"
"1"," """"                                                                 "
"1","
[118,]"
"1"," "" 別再轉台！了解電視市場問題就從經濟學開始""                        "
"1","
[119,]"
"1"," """"                                                                 "
"1","
[120,]"
"1"," "" 縮表經濟學 by 蜻蜓隊""                                            "
"1","
[121,]"
"1"," "" 縮表666！? by 屁桃搞笑藝人""                                      "
"1","
[122,]"
"1"," """"                                                                 "
"1","
[123,]"
"1"," """"                                                                 "
"1","
[124,]"
"1"," """"                                                                 "
"1","
[125,]"
"1"," "" 電子支付 by 全球暖樺""                                            "
"1","
[126,]"
"1"," "" 電子支付 by 全球暖樺""                                            "
"1","
[127,]"
"1"," "" What we learn from claw machine by 醉後的最後cheers""             "
"1","
[128,]"
"1"," """"                                                                 "
"1","
[129,]"
"1"," """"                                                                 "
"1","
[130,]"
"1"," "" What we learn from claw machine by 醉後的最後cheers""             "
"1","
[131,]"
"1"," "" What we learn from claw machine by 醉後的最後cheers""             "
"1","
[132,]"
"1"," "" 電子支付 by 全球暖樺""                                            "
"1","
[133,]"
"1"," """"                                                                 "
"1","
[134,]"
"1"," "" by Amor""                                                         "
"1","
[135,]"
"1"," "" 電子支付 by 全球暖樺""                                            "
"1","
[136,]"
"1"," """"                                                                 "
"1","
[137,]"
"1"," "" 縮表666！? by 屁桃搞笑藝人""                                      "
"1","
[138,]"
"1"," "" What we learn from claw machine by 醉後的最後cheers""             "
"1","
[139,]"
"1"," """"                                                                 "
"1","
[140,]"
"1"," "" Artificial intelligence - Medical field 人工智慧與醫療 by 智智隊"""
"1","
[141,]"
"1"," "" 電子支付 by 全球暖樺""                                            "
"1","
[142,]"
"1"," "" What we learn from claw machine by 醉後的最後cheers""             "
"1","
[143,]"
"1"," "" What we learn from claw machine by 醉後的最後cheers""             "
"1","
[144,]"
"1"," """"                                                                 "
"1","
[145,]"
"1"," "" 電子支付 by 全球暖樺""                                            "
"1","
[146,]"
"1"," """"                                                                 "
"1","
[147,]"
"1"," "" 電子支付 by 全球暖樺""                                            "
"1","
[148,]"
"1"," """"                                                                 "
"1","
[149,]"
"1"," "" 電子支付 by 全球暖樺""                                            "
"1","
[150,]"
"1"," "" 電子支付 by 全球暖樺""                                            "
"1","
[151,]"
"1"," "" What we learn from claw machine by 醉後的最後cheers""             "
"1","
[152,]"
"1"," "" by Amor""                                                         "
"1","
[153,]"
"1"," "" 電子支付 by 全球暖樺""                                            "
"1","
[154,]"
"1"," "" 縮表666！? by 屁桃搞笑藝人""                                      "
"1","
[155,]"
"1"," "" 電子支付 by 全球暖樺""                                            "
"1","
[156,]"
"1"," """"                                                                 "
"1","
"
"1","      "
"1"," [,3]                         "
"1","
  [1,]"
"1"," "" 縮表經濟學 by 蜻蜓隊""      "
"1","
  [2,]"
"1"," """"                           "
"1","
  [3,]"
"1"," "" by Amor""                   "
"1","
  [4,]"
"1"," """"                           "
"1","
  [5,]"
"1"," """"                           "
"1","
  [6,]"
"1"," """"                           "
"1","
  [7,]"
"1"," """"                           "
"1","
  [8,]"
"1"," """"                           "
"1","
  [9,]"
"1"," """"                           "
"1","
 [10,]"
"1"," """"                           "
"1","
 [11,]"
"1"," """"                           "
"1","
 [12,]"
"1"," """"                           "
"1","
 [13,]"
"1"," "" by Amor""                   "
"1","
 [14,]"
"1"," """"                           "
"1","
 [15,]"
"1"," "" by Amor""                   "
"1","
 [16,]"
"1"," """"                           "
"1","
 [17,]"
"1"," """"                           "
"1","
 [18,]"
"1"," """"                           "
"1","
 [19,]"
"1"," """"                           "
"1","
 [20,]"
"1"," """"                           "
"1","
 [21,]"
"1"," "" by Amor""                   "
"1","
 [22,]"
"1"," """"                           "
"1","
 [23,]"
"1"," """"                           "
"1","
 [24,]"
"1"," """"                           "
"1","
 [25,]"
"1"," """"                           "
"1","
 [26,]"
"1"," "" by Amor""                   "
"1","
 [27,]"
"1"," "" 縮表666！? by 屁桃搞笑藝人"""
"1","
 [28,]"
"1"," """"                           "
"1","
 [29,]"
"1"," """"                           "
"1","
 [30,]"
"1"," """"                           "
"1","
 [31,]"
"1"," """"                           "
"1","
 [32,]"
"1"," """"                           "
"1","
 [33,]"
"1"," """"                           "
"1","
 [34,]"
"1"," """"                           "
"1","
 [35,]"
"1"," """"                           "
"1","
 [36,]"
"1"," """"                           "
"1","
 [37,]"
"1"," """"                           "
"1","
 [38,]"
"1"," """"                           "
"1","
 [39,]"
"1"," """"                           "
"1","
 [40,]"
"1"," "" 縮表666！? by 屁桃搞笑藝人"""
"1","
 [41,]"
"1"," """"                           "
"1","
 [42,]"
"1"," """"                           "
"1","
 [43,]"
"1"," """"                           "
"1","
 [44,]"
"1"," """"                           "
"1","
 [45,]"
"1"," """"                           "
"1","
 [46,]"
"1"," """"                           "
"1","
 [47,]"
"1"," """"                           "
"1","
 [48,]"
"1"," """"                           "
"1","
 [49,]"
"1"," """"                           "
"1","
 [50,]"
"1"," """"                           "
"1","
 [51,]"
"1"," """"                           "
"1","
 [52,]"
"1"," """"                           "
"1","
 [53,]"
"1"," """"                           "
"1","
 [54,]"
"1"," """"                           "
"1","
 [55,]"
"1"," """"                           "
"1","
 [56,]"
"1"," """"                           "
"1","
 [57,]"
"1"," """"                           "
"1","
 [58,]"
"1"," """"                           "
"1","
 [59,]"
"1"," "" by Amor""                   "
"1","
 [60,]"
"1"," "" 電子支付 by 全球暖樺""      "
"1","
 [61,]"
"1"," """"                           "
"1","
 [62,]"
"1"," """"                           "
"1","
 [63,]"
"1"," "" 縮表經濟學 by 蜻蜓隊""      "
"1","
 [64,]"
"1"," """"                           "
"1","
 [65,]"
"1"," """"                           "
"1","
 [66,]"
"1"," """"                           "
"1","
 [67,]"
"1"," """"                           "
"1","
 [68,]"
"1"," "" by Amor""                   "
"1","
 [69,]"
"1"," """"                           "
"1","
 [70,]"
"1"," """"                           "
"1","
 [71,]"
"1"," """"                           "
"1","
 [72,]"
"1"," """"                           "
"1","
 [73,]"
"1"," """"                           "
"1","
 [74,]"
"1"," """"                           "
"1","
 [75,]"
"1"," "" 電子支付 by 全球暖樺""      "
"1","
 [76,]"
"1"," """"                           "
"1","
 [77,]"
"1"," """"                           "
"1","
 [78,]"
"1"," """"                           "
"1","
 [79,]"
"1"," """"                           "
"1","
 [80,]"
"1"," """"                           "
"1","
 [81,]"
"1"," """"                           "
"1","
 [82,]"
"1"," """"                           "
"1","
 [83,]"
"1"," """"                           "
"1","
 [84,]"
"1"," """"                           "
"1","
 [85,]"
"1"," """"                           "
"1","
 [86,]"
"1"," """"                           "
"1","
 [87,]"
"1"," """"                           "
"1","
 [88,]"
"1"," """"                           "
"1","
 [89,]"
"1"," """"                           "
"1","
 [90,]"
"1"," """"                           "
"1","
 [91,]"
"1"," """"                           "
"1","
 [92,]"
"1"," """"                           "
"1","
 [93,]"
"1"," """"                           "
"1","
 [94,]"
"1"," """"                           "
"1","
 [95,]"
"1"," """"                           "
"1","
 [96,]"
"1"," """"                           "
"1","
 [97,]"
"1"," """"                           "
"1","
 [98,]"
"1"," """"                           "
"1","
 [99,]"
"1"," """"                           "
"1","
[100,]"
"1"," """"                           "
"1","
[101,]"
"1"," """"                           "
"1","
[102,]"
"1"," """"                           "
"1","
[103,]"
"1"," """"                           "
"1","
[104,]"
"1"," """"                           "
"1","
[105,]"
"1"," """"                           "
"1","
[106,]"
"1"," """"                           "
"1","
[107,]"
"1"," """"                           "
"1","
[108,]"
"1"," """"                           "
"1","
[109,]"
"1"," """"                           "
"1","
[110,]"
"1"," """"                           "
"1","
[111,]"
"1"," """"                           "
"1","
[112,]"
"1"," """"                           "
"1","
[113,]"
"1"," """"                           "
"1","
[114,]"
"1"," """"                           "
"1","
[115,]"
"1"," """"                           "
"1","
[116,]"
"1"," """"                           "
"1","
[117,]"
"1"," """"                           "
"1","
[118,]"
"1"," "" by Amor""                   "
"1","
[119,]"
"1"," """"                           "
"1","
[120,]"
"1"," """"                           "
"1","
[121,]"
"1"," """"                           "
"1","
[122,]"
"1"," """"                           "
"1","
[123,]"
"1"," """"                           "
"1","
[124,]"
"1"," """"                           "
"1","
[125,]"
"1"," """"                           "
"1","
[126,]"
"1"," """"                           "
"1","
[127,]"
"1"," """"                           "
"1","
[128,]"
"1"," """"                           "
"1","
[129,]"
"1"," """"                           "
"1","
[130,]"
"1"," """"                           "
"1","
[131,]"
"1"," """"                           "
"1","
[132,]"
"1"," """"                           "
"1","
[133,]"
"1"," """"                           "
"1","
[134,]"
"1"," """"                           "
"1","
[135,]"
"1"," """"                           "
"1","
[136,]"
"1"," """"                           "
"1","
[137,]"
"1"," """"                           "
"1","
[138,]"
"1"," """"                           "
"1","
[139,]"
"1"," """"                           "
"1","
[140,]"
"1"," """"                           "
"1","
[141,]"
"1"," """"                           "
"1","
[142,]"
"1"," """"                           "
"1","
[143,]"
"1"," """"                           "
"1","
[144,]"
"1"," """"                           "
"1","
[145,]"
"1"," """"                           "
"1","
[146,]"
"1"," """"                           "
"1","
[147,]"
"1"," """"                           "
"1","
[148,]"
"1"," """"                           "
"1","
[149,]"
"1"," """"                           "
"1","
[150,]"
"1"," """"                           "
"1","
[151,]"
"1"," """"                           "
"1","
[152,]"
"1"," "" 縮表經濟學 by 蜻蜓隊""      "
"1","
[153,]"
"1"," """"                           "
"1","
[154,]"
"1"," """"                           "
"1","
[155,]"
"1"," """"                           "
"1","
[156,]"
"1"," """"                           "
"1","
"
"2","Warning messages:
"
"2","1: "
"2","In grepl(""|||"", what, fixed = TRUE) :"
"2","
 "
"2"," input string 1 is invalid in this locale
"
"2","2: "
"2","In strsplit(code, ""\n"", fixed = TRUE) :"
"2","
 "
"2"," input string 1 is invalid in this locale
"
